Company,Factor,Beta
NKE,Beta vs SPY,0.7793086972551533
GRMN,Beta vs SPY,1.4287320101373817
PTON,Beta vs SPY,2.199896684310775
PLNT,Beta vs SPY,0.22594067901416953
NKE,Beta vs XLY,0.703205606138304
GRMN,Beta vs XLY,0.9410411001157116
PTON,Beta vs XLY,1.3430684067726826
PLNT,Beta vs XLY,0.046036753792912694
NKE,Beta vs QQQ,0.3232365323916777
GRMN,Beta vs QQQ,1.0319075579972485
PTON,Beta vs QQQ,1.585873357086808
PLNT,Beta vs QQQ,-0.01721039437138489
