Company,Beta vs SPY,R^2 vs SPY,Beta vs XLY,Beta vs QQQ
NKE,0.7793086972551533,0.06923272363722821,0.703205606138304,0.3232365323916777
GRMN,1.4287320101373817,0.32823522874561284,0.9410411001157116,1.0319075579972485
PTON,2.199896684310775,0.1622647235079775,1.3430684067726826,1.585873357086808
PLNT,0.22594067901416953,0.008826223753851115,0.046036753792912694,-0.01721039437138489
